-- phpMyAdmin SQL Dump
-- version 4.5.1
-- http://www.phpmyadmin.net
--
-- Host: 127.0.0.1
-- Generation Time: Mar 13, 2017 at 02:13 PM
-- Server version: 10.1.16-MariaDB
-- PHP Version: 7.0.9

SET SQL_MODE = "NO_AUTO_VALUE_ON_ZERO";
SET time_zone = "+00:00";


/*!40101 SET @OLD_CHARACTER_SET_CLIENT=@@CHARACTER_SET_CLIENT */;
/*!40101 SET @OLD_CHARACTER_SET_RESULTS=@@CHARACTER_SET_RESULTS */;
/*!40101 SET @OLD_COLLATION_CONNECTION=@@COLLATION_CONNECTION */;
/*!40101 SET NAMES utf8mb4 */;

--
-- Database: `exam`
--

-- --------------------------------------------------------

--
-- Table structure for table `choices`
--

CREATE TABLE `choices` (
  `id` int(11) NOT NULL,
  `question_number` int(11) NOT NULL,
  `is_correct` tinyint(4) NOT NULL DEFAULT '0',
  `text` text NOT NULL
) ENGINE=InnoDB DEFAULT CHARSET=latin1;

--
-- Dumping data for table `choices`
--

INSERT INTO `choices` (`id`, `question_number`, `is_correct`, `text`) VALUES
(1, 1, 0, 'Personal Home Page'),
(2, 1, 1, 'PHP: Preprocessor Hypertext'),
(3, 2, 0, 'Colorful Style Sheets'),
(4, 2, 1, 'Cascading Style Sheets'),
(5, 3, 0, 'font\r\n'),
(6, 3, 1, ' styles'),
(9, 5, 0, 'color'),
(10, 5, 0, 'bgcolor'),
(11, 5, 1, 'background-color'),
(12, 6, 0, ' text-transform:uppercase'),
(13, 6, 1, ' text-transform:capitalize'),
(14, 6, 0, 'Pole v천imalik CSSis'),
(15, 0, 0, '');

-- --------------------------------------------------------

--
-- Table structure for table `questions`
--

CREATE TABLE `questions` (
  `question_number` int(11) NOT NULL,
  `text` text NOT NULL
) ENGINE=InnoDB DEFAULT CHARSET=latin1;

--
-- Dumping data for table `questions`
--

INSERT INTO `questions` (`question_number`, `text`) VALUES
(1, 'What Does PHP Stands For ?'),
(2, 'What does CSS stand for?'),
(3, 'Which HTML attribute is used to define inline styles?'),
(4, 'Kuidas lisada CSS failile kommentaari?'),
(5, 'Kuidas muuta CSS''is taustav채rvi'),
(6, 'Kuidas sa saad muuta iga s천na algust채he suureks ?'),
(7, ''),
(8, ''),
(9, ''),
(10, ''),
(11, ''),
(12, ''),
(13, ''),
(14, 'What is the correct HTML for creating a hyperlink?');

-- --------------------------------------------------------

--
-- Table structure for table `type`
--

CREATE TABLE `type` (
  `id` int(11) NOT NULL,
  `user_type` varchar(255) NOT NULL
) ENGINE=InnoDB DEFAULT CHARSET=latin1;

--
-- Dumping data for table `type`
--

INSERT INTO `type` (`id`, `user_type`) VALUES
(1, 'Student'),
(2, 'Admin');

-- --------------------------------------------------------

--
-- Table structure for table `user`
--

CREATE TABLE `user` (
  `id` int(11) NOT NULL,
  `name` varchar(255) NOT NULL,
  `email` varchar(255) NOT NULL,
  `password` varchar(255) NOT NULL,
  `user_type` int(11) NOT NULL
) ENGINE=InnoDB DEFAULT CHARSET=latin1;

--
-- Dumping data for table `user`
--

INSERT INTO `user` (`id`, `name`, `email`, `password`, `user_type`) VALUES
(1, 'Oliver', 'oliver.otsmann@khk.ee', 'qwerty', 2);

--
-- Indexes for dumped tables
--

--
-- Indexes for table `choices`
--
ALTER TABLE `choices`
  ADD PRIMARY KEY (`id`);

--
-- Indexes for table `questions`
--
ALTER TABLE `questions`
  ADD PRIMARY KEY (`question_number`);

--
-- Indexes for table `type`
--
ALTER TABLE `type`
  ADD PRIMARY KEY (`id`);

--
-- Indexes for table `user`
--
ALTER TABLE `user`
  ADD PRIMARY KEY (`id`);

--
-- AUTO_INCREMENT for dumped tables
--

--
-- AUTO_INCREMENT for table `choices`
--
ALTER TABLE `choices`
  MODIFY `id` int(11) NOT NULL AUTO_INCREMENT, AUTO_INCREMENT=22;
--
-- AUTO_INCREMENT for table `questions`
--
ALTER TABLE `questions`
  MODIFY `question_number` int(11) NOT NULL AUTO_INCREMENT, AUTO_INCREMENT=15;
--
-- AUTO_INCREMENT for table `type`
--
ALTER TABLE `type`
  MODIFY `id` int(11) NOT NULL AUTO_INCREMENT, AUTO_INCREMENT=3;
--
-- AUTO_INCREMENT for table `user`
--
ALTER TABLE `user`
  MODIFY `id` int(11) NOT NULL AUTO_INCREMENT, AUTO_INCREMENT=2;
/*!40101 SET CHARACTER_SET_CLIENT=@OLD_CHARACTER_SET_CLIENT */;
/*!40101 SET CHARACTER_SET_RESULTS=@OLD_CHARACTER_SET_RESULTS */;
/*!40101 SET COLLATION_CONNECTION=@OLD_COLLATION_CONNECTION */;
